Zeit t / s;Temperatur T_1 / °C;Temperatur T_2 / °C
0;17,6;18,4
1;17,6;18,5
2;17,6;18,5
3;17,6;18,5
4;17,7;18,5
5;17,7;18,5
6;17,7;18,5
7;17,7;18,5
8;17,7;18,5
9;17,7;18,5
10;17,7;18,6
11;17,7;18,7
12;17,7;18,7
13;17,7;18,7
14;17,7;18,7
15;17,7;18,8
16;17,7;18,8
17;17,7;18,9
18;17,7;19
19,001;17,7;19
20;17,7;19,2
21;17,8;19,2
22;17,8;19,2
23,001;17,8;19,3
24;17,8;19,3
25;17,8;19,3
26;17,8;19,3
27;17,8;19,4
28;17,8;19,4
29;17,8;19,4
30;17,8;19,5
31,002;17,8;19,5
32,001;17,8;19,5
33,001;17,8;19,5
34,001;17,8;19,5
35,001;17,8;19,5
36,001;17,8;19,5
37,001;17,8;19,5
38,001;17,8;19,5
39,001;17,8;19,6
40,001;17,8;19,6
41;17,8;19,6
42,001;17,8;19,6
42,999;17,8;19,6
44;17,8;19,6
45,001;17,9;19,6
46;17,9;19,7
47,001;17,9;19,7
48;17,9;19,7
49;17,9;19,7
50;17,9;19,7
51;17,9;19,7
52;17,8;19,8
53;17,8;19,8
54;17,6;19,8
55;17,6;19,8
56,008;17,7;19,8
57;17,7;19,8
58;17,7;19,8
59;17,7;19,9
60;17,7;20
61;17,7;20
62,001;17,7;20
63,001;17,5;20
64,001;17,6;20
65;17,6;20
66;17,7;20
67,001;17,7;20
68;17,7;20,1
69;17,7;20,1
70,001;17,7;20,1
71;17,7;20,2
72;17,7;20,2
73;17,7;20,2
74;17,7;20,2
75;17,7;20,2
76,001;17,7;20,2
77;17,7;20,2
78;17,7;20,2
79,004;17,7;20,2
80;17,7;20,2
81;17,7;20,3
82,001;17,6;20,3
83;17,6;20,3
84;17,6;20,3
85;17,6;20,3
86,001;17,6;20,3
87,001;17,6;20,3
88;17,5;20,4
89;17,5;20,4
90,001;17,5;20,4
91;17,5;20,5
92;17,5;20,5
93;17,5;20,5
94;17,5;20,5
95,001;17,5;20,5
96;17,5;20,5
97;17,5;20,5
98;17,4;20,5
99,001;17,3;20,5
100;17,3;20,5
101;17,3;20,5
102;17,3;20,5
103;17,3;20,6
104,001;17,3;20,6
105;17,3;20,6
106;17,3;20,7
107;17,3;20,7
108;17,3;20,7
109;17,2;20,7
110;17,2;20,7
111;17,2;20,8
112;17,2;20,8
113;17,2;20,8
114,001;17,2;20,8
115;17,2;20,8
116;17,2;20,9
117;17,2;20,9
118;17,2;20,9
119;17,2;20,9
120,001;17,2;21
121;17,1;21
122;17,1;21
123;17,1;21
124,001;17,1;21
125;17,1;21
126;17,1;21
127;17;21,1
128;17;21,1
129;17;21,1
130;17;21,1
131;17;21,1
132;17;21,2
133,001;17;21,2
134;17;21,2
135;16,9;21,2
136;16,9;21,2
137;16,9;21,3
138;16,9;21,3
139,001;16,9;21,3
140,001;16,9;21,3
141;16,9;21,3
142;16,9;21,4
143;16,8;21,4
144;16,8;21,4
145;16,8;21,4
146,001;16,8;21,4
147,001;16,8;21,4
148,001;16,8;21,4
149;16,8;21,5
150,001;16,7;21,5
151;16,7;21,5
152,001;16,7;21,5
153,001;16,7;21,5
154,001;16,7;21,6
155,001;16,7;21,6
156;16,7;21,6
157;16,7;21,6
158,001;16,7;21,6
159;16,7;21,6
160;16,7;21,7
161;16,6;21,7
162;16,6;21,7
163,001;16,6;21,7
164;16,6;21,7
165;16,6;21,8
166,001;16,6;21,8
167;16,6;21,8
168;16,5;21,8
169;16,5;21,8
170,001;16,5;21,8
171;16,5;21,8
172;16,5;21,8
173;16,5;21,8
174,001;16,4;21,9
175;16,3;21,9
176,001;16,3;21,9
177;16,3;21,9
178,001;16,3;22
179,001;16,3;22
180;16,3;22
181,001;16,3;22
182;16,2;22
183;16,2;22
184,001;16,2;22,1
185;16,2;22,1
186,001;16,2;22,1
187,001;16,2;22,1
188,001;16,2;22,1
189,001;16,2;22,1
190;16,2;22,1
191;16,2;22,1
192;16,2;22,1
193;16,2;22,2
194,002;16,2;22,2
195;16,2;22,2
196;16,2;22,2
197,001;16,2;22,2
198,001;16,1;22,3
199;16,1;22,3
200;16,1;22,3
201;16,1;22,3
202;16,1;22,4
203,001;16,1;22,4
204,001;16,1;22,4
205;16;22,4
206,001;16;22,4
207;16;22,4
208;16;22,4
209;16;22,4
210,001;16;22,4
211;16;22,4
212,001;15,9;22,5
213,001;15,9;22,5
214;15,9;22,5
215;15,9;22,5
216,001;15,9;22,6
217;15,9;22,6
218,001;15,9;22,6
219;15,9;22,6
220,001;15,8;22,6
221,001;15,8;22,6
222;15,8;22,6
223;15,8;22,7
224;15,8;22,7
225,001;15,8;22,7
226,001;15,8;22,7
227;15,8;22,7
228,001;15,7;22,7
229,001;15,7;22,7
230,001;15,7;22,8
231;15,7;22,9
232;15,7;22,9
233,001;15,7;22,9
234;15,7;22,9
235,001;15,6;22,9
236;15,6;22,9
237;15,6;22,9
238,001;15,6;22,9
239;15,6;23
240,001;15,6;23
241,001;15,6;23
242,001;15,6;23,1
243;15,6;23,1
244,001;15,5;23,1
245,001;15,5;23,1
246;15,5;23,1
247,001;15,5;23,1
248,001;15,4;23,1
249;15,4;23,1
250,001;15,4;23,2
251;15,4;23,2
252,001;15,4;23,2
253;15,4;23,2
254;15,4;23,2
255;15,4;23,2
256,001;15,4;23,2
257;15,3;23,2
258;15,3;23,2
259,001;15,3;23,3
260;15,3;23,3
261,001;15,3;23,3
262;15,3;23,3
263;15,3;23,3
264,001;15,3;23,4
265;15,3;23,4
266;15,2;23,4
267,001;15,2;23,4
268;15,2;23,4
269,001;15,1;23,5
270,001;15,1;23,5
271,001;15,1;23,5
272,001;15,1;23,5
273;15,1;23,5
274;15,1;23,5
275,001;15,1;23,5
276,001;15,1;23,6
277;15,1;23,6
278;15;23,6
279;15;23,6
280;15;23,7
281;15;23,7
282;14,9;23,7
283;14,9;23,7
284;14,9;23,7
285,001;14,9;23,7
286;14,9;23,7
286,999;14,9;23,7
288;14,9;23,8
289;14,9;23,8
290;14,9;23,8
291,001;14,9;23,8
292;14,9;23,8
293;14,9;23,9
294;14,9;23,9
295;14,8;23,9
296;14,8;23,9
297;14,8;23,9
298,001;14,8;23,9
299;14,7;23,9
300,001;14,7;24
301;14,7;24
302;14,7;24
303;14,7;24
304;14,7;24
305,001;14,7;24,1
306,001;14,7;24,1
307,001;14,7;24,1
308,001;14,7;24,1
309,001;14,7;24,1
310;14,7;24,1
311;14,6;24,1
312;14,6;24,1
313;14,6;24,1
314;14,5;24,2
315;14,4;24,3
316;14,4;24,3
317,001;14,4;24,3
318;14,4;24,2
319;14,4;24,3
320;14,4;24,3
321;14,4;24,3
322;14,4;24,3
323,001;14,4;24,4
324,001;14,4;24,4
325;14,4;24,4
326;14,4;24,4
327,007;14,4;24,4
327,999;14,4;24,4
329;14,4;24,4
330,002;14,4;24,4
331;14,3;24,4
332,001;14,3;24,4
333;14,3;24,5
334;14,3;24,5
335,001;14,3;24,5
336;14,3;24,5
337;14,2;24,5
338;14,2;24,5
339;14,2;24,5
340,002;14,2;24,5
341,001;14,2;24,5
342,001;14,2;24,6
343;14,2;24,6
344;14,2;24,7
345;14,2;24,7
346;14,1;24,7
347;14,1;24,7
348;14,1;24,8
349,001;14,1;24,8
350,001;14,1;24,8
351;14,1;24,8
352;14,1;24,8
353;14,1;24,8
354,003;14,1;24,8
355;14,1;24,8
356,001;14;24,8
357,001;14;24,8
358;14;24,8
359,001;14;24,9
360;14;24,9
361,001;14;24,9
362,001;14;24,9
363,001;14;24,9
364,001;14;24,9
365,001;14;25
366,001;14;25
367;13,9;25
368,001;13,9;25
369,001;13,9;25
370,001;13,8;25
371,001;13,8;25,1
372;13,8;25,1
373;13,8;25,1
374;13,8;25,1
375;13,8;25,1
376;13,8;25,1
377;13,8;25,1
378,001;13,8;25,1
379;13,8;25,2
380;13,8;25,2
381;13,7;25,2
382;13,7;25,3
383;13,7;25,3
384,001;13,7;25,3
385;13,7;25,3
386;13,7;25,3
387;13,7;25,3
388,001;13,7;25,3
389;13,6;25,4
390;13,6;25,4
391;13,6;25,4
392;13,6;25,4
393;13,6;25,4
394;13,5;25,4
395;13,5;25,5
396;13,5;25,5
397;13,5;25,5
398,001;13,5;25,5
399,001;13,5;25,5
400,001;13,5;25,5
401;13,5;25,5
402;13,5;25,5
403;13,5;25,6
404;13,5;25,6
405;13,5;25,6
406;13,4;25,6
407;13,4;25,6
408;13,4;25,6
409;13,4;25,6
410;13,4;25,6
411;13,4;25,6
412;13,3;25,6
413;13,3;25,7
414,001;13,3;25,7
415;13,3;25,7
416;13,3;25,7
417;13,3;25,8
418;13,3;25,8
419;13,3;25,8
420;13,3;25,8
421,001;13,3;25,8
422;13,3;25,8
423;13,3;25,8
424;13,3;25,8
425;13,2;25,8
426,001;13,2;25,8
427;13,2;25,9
428;13,2;25,9
428,999;13,2;25,9
430;13,2;25,9
431;13,2;25,9
432;13,2;25,9
433;13,2;25,9
434;13,1;25,9
435;13,1;25,9
436;13,1;26
437;13,1;26
438;13,1;26
439;13,1;26
440,003;13,1;26,1
441;13,1;26,1
442;13,1;26,1
443;13,1;26,1
444;13;26,1
445;13;26,1
446;13;26,1
447;13;26,2
448;13;26,2
449;13;26,2
450;13;26,2
451;13;26,2
452,001;13;26,2
453,001;13;26,3
454;13;26,3
455;12,9;26,3
456;12,9;26,3
457,001;12,9;26,3
458;12,9;26,3
459,001;12,9;26,3
460;12,9;26,3
461;12,9;26,3
462,001;12,8;26,3
463;12,8;26,3
464,001;12,8;26,4
465;12,7;26,4
466;12,7;26,4
467;12,7;26,4
468,001;12,7;26,4
469;12,7;26,4
470,001;12,7;26,4
471;12,7;26,4
472;12,7;26,4
473;12,6;26,5
474,001;12,6;26,5
475,001;12,7;26,5
476;12,7;26,5
477,002;12,7;26,6
478;12,6;26,6
479;12,6;26,6
480;12,6;26,6
481;12,6;26,7
482;12,6;26,7
483,001;12,6;26,7
484;12,6;26,7
485;12,6;26,7
486;12,6;26,7
487;12,6;26,7
488;12,6;26,7
489;12,6;26,7
490;12,6;26,8
491,001;12,5;26,8
492;12,5;26,8
493;12,5;26,8
494;12,5;26,8
495;12,5;26,8
496;12,5;26,9
497;12,5;26,9
498;12,5;26,9
499;12,5;26,9
500,001;12,5;26,9
501,001;12,5;26,9
502,001;12,4;26,9
503,001;12,4;26,9
504,001;12,4;27
505;12,3;27
506,001;12,3;27
507;12,3;27
508;12,3;27
509;12,3;27
510;12,3;27
511;12,3;27
512,001;12,3;27,1
513,001;12,3;27,1
514,001;12,3;27,1
515;12,3;27,1
516;12,3;27,1
517;12,3;27,1
518,001;12,2;27,1
519;12,2;27,2
520;12,2;27,2
521;12,2;27,2
522;12,2;27,2
523;12,2;27,2
524,001;12,2;27,2
525;12,2;27,2
526;12,2;27,2
527;12,2;27,2
528,001;12,2;27,2
529;12,1;27,3
530;12,1;27,3
531;12,1;27,3
532;12,1;27,3
533;12,1;27,3
534;12,1;27,4
535,001;12,1;27,4
536;12,1;27,4
537;12,1;27,4
538;12;27,4
539;12;27,4
540,001;12;27,4
541;12;27,5
542;12;27,5
543;12;27,5
544,004;12;27,5
545;12;27,5
546;12;27,5
547;12;27,5
548;12;27,5
549;11,9;27,5
550,001;11,9;27,5
551;11,9;27,6
552;11,9;27,6
553;11,9;27,6
554;11,8;27,6
555,001;11,8;27,6
556;11,8;27,6
557,001;11,8;27,7
558;11,8;27,7
559;11,8;27,7
560;11,8;27,7
560,999;11,8;27,7
562;11,8;27,7
563,001;11,8;27,7
564;11,8;27,7
565;11,8;27,7
566;11,8;27,7
567,001;11,7;27,8
568;11,7;27,8
569;11,7;27,8
570;11,7;27,8
571;11,7;27,8
572;11,7;27,9
573,001;11,7;27,9
574,001;11,7;27,9
575;11,6;27,9
576;11,6;27,9
577;11,6;27,9
578;11,6;27,9
579;11,6;27,9
580;11,6;27,9
581;11,6;27,9
582;11,6;27,9
583;11,6;27,9
584;11,6;27,9
585;11,6;28
586,003;11,6;28
587;11,6;28
588,001;11,6;28
589;11,6;28
590;11,5;28
591;11,5;28
592,001;11,5;28
593;11,5;28,1
594,001;11,5;28,2
595;11,4;28,2
596;11,4;28,2
597;11,4;28,2
598;11,4;28,2
599;11,4;28,2
600;11,4;28,2
601,001;11,4;28,2
602,001;11,4;28,2
603,001;11,4;28,2
604;11,4;28,2
605;11,4;28,2
606;11,4;28,2
607;11,4;28,3
608,001;11,4;28,3
609;11,4;28,3
610,001;11,4;28,3
611;11,4;28,3
612;11,4;28,3
613;11,3;28,3
614;11,3;28,3
615;11,3;28,4
616;11,3;28,4
617,001;11,3;28,4
618,001;11,3;28,4
619,001;11,3;28,4
620;11,3;28,4
621,001;11,3;28,4
622;11,3;28,5
623,001;11,2;28,5
624;11,2;28,5
625;11,2;28,5
626,001;11,1;28,5
627;11,1;28,5
628,003;11,1;28,5
629;11,1;28,5
630;11,1;28,5
631,001;11,1;28,5
632,001;11,1;28,5
633;11,1;28,5
634,001;11,1;28,6
635,007;11,1;28,6
636;11,1;28,6
637,001;11,1;28,6
638;11,1;28,6
639;11,1;28,6
640;11,1;28,6
641,001;11,1;28,7
642;11;28,7
643,001;11;28,7
644,001;11;28,7
645;11;28,7
646;11;28,7
647,001;11;28,7
647,999;11;28,7
649,001;11;28,7
650;11;28,8
650,999;11;28,8
652;11;28,8
653;11;28,8
654;10,9;28,9
655;10,9;28,9
656,001;10,9;28,9
657;10,9;28,9
658;10,9;28,9
659;10,9;28,9
660;10,9;28,9
661;10,9;28,9
662,001;10,9;28,9
663;10,9;28,9
664;10,9;29
665;10,9;29
666;10,8;29
667,001;10,8;29
668,001;10,8;29
669;10,8;29
670;10,7;29
671,001;10,7;29
672,001;10,7;29
673,001;10,7;29
674,003;10,7;29
675;10,7;29
676;10,7;29
677;10,7;29
678;10,7;29,1
679;10,7;29,1
680,001;10,6;29,1
681;10,6;29,1
682;10,6;29,1
683;10,6;29,1
684;10,6;29,1
685;10,6;29,1
686;10,5;29,1
687,002;10,5;29,2
688,001;10,5;29,2
689;10,5;29,2
690;10,5;29,2
691;10,5;29,2
692;10,5;29,2
693,001;10,5;29,2
694;10,5;29,2
695;10,5;29,3
696;10,5;29,3
697;10,5;29,3
698;10,5;29,3
699;10,5;29,3
700;10,5;29,3
701;10,5;29,4
702;10,5;29,4
703;10,5;29,4
704;10,5;29,4
705;10,5;29,4
706;10,4;29,4
707;10,3;29,5
708,001;10,3;29,5
709;10,4;29,5
710;10,4;29,5
711;10,4;29,5
712;10,4;29,5
713;10,3;29,5
714;10,3;29,5
715;10,3;29,5
716;10,3;29,5
717;10,3;29,5
718,001;10,3;29,5
719;10,3;29,5
720;10,3;29,5
721;10,3;29,6
722;10,3;29,6
723;10,3;29,6
724;10,3;29,6
725,001;10,3;29,7
726,001;10,3;29,7
727;10,3;29,7
728;10,3;29,7
729;10,3;29,7
730;10,3;29,7
731,001;10,3;29,7
732;10,2;29,7
733;10,2;29,8
734,001;10,2;29,8
735;10,2;29,8
735,999;10,2;29,8
737,001;10,2;29,8
738;10,2;29,8
739;10,2;29,8
740,001;10,2;29,8
741;10,2;29,8
742;10,2;29,8
743;10,2;29,9
744;10,2;29,9
745;10,2;29,9
746,001;10,2;29,9
747;10,2;29,9
748;10,2;29,9
749,001;10,2;29,9
750;10,2;29,9
751,001;10,2;29,9
752;10,2;29,9
753;10,1;29,9
754;10,1;29,9
755;10,1;29,9
756;10,1;29,9
757,001;10,1;29,9
758;10,1;29,9
759;10;30
760,001;10;30
761;10;30
762;10;30
763;10;30
764;10;30
765;10;30
766,004;10;30,1
766,999;10;30,1
768;10;30,1
769;10;30,1
770,001;10;30,1
771;9,9;30,1
772;9,9;30,1
773;9,9;30,1
774;9,9;30,1
775;9,9;30,1
776;9,9;30,1
777;9,9;30,1
778;9,9;30,1
779,001;9,9;30,1
780,001;9,9;30,2
781;9,9;30,2
782,001;9,9;30,2
783,001;9,9;30,2
784;9,9;30,2
785,001;9,9;30,2
786,001;9,9;30,2
787;9,9;30,2
788;9,9;30,2
789;9,9;30,3
790;9,8;30,3
791;9,8;30,3
792,001;9,7;30,3
793;9,7;30,3
794;9,7;30,3
795;9,7;30,3
796;9,7;30,3
797;9,7;30,4
798;9,7;30,4
799;9,7;30,4
800;9,7;30,4
801;9,7;30,4
802,001;9,6;30,4
803;9,6;30,4
804;9,6;30,4
805;9,6;30,4
806;9,6;30,4
807;9,6;30,5
808;9,6;30,5
809,001;9,6;30,5
810,001;9,6;30,5
811;9,6;30,5
812,001;9,6;30,5
813;9,6;30,5
814;9,6;30,6
815;9,6;30,6
816,001;9,6;30,6
817,001;9,6;30,6
818,001;9,6;30,6
819;9,6;30,6
820;9,6;30,6
821,001;9,6;30,6
822;9,6;30,6
823;9,6;30,6
824;9,6;30,6
825;9,6;30,6
826;9,6;30,6
827;9,6;30,7
828;9,6;30,7
829;9,5;30,7
830;9,5;30,7
831,001;9,5;30,7
832;9,5;30,7
833;9,5;30,7
834;9,5;30,7
835,001;9,5;30,7
836;9,5;30,7
837;9,5;30,8
838;9,5;30,8
839;9,5;30,8
840;9,5;30,8
841,001;9,5;30,8
842;9,5;30,8
843;9,4;30,8
844;9,4;30,8
845;9,4;30,8
846,001;9,4;30,8
847;9,3;30,9
848;9,3;30,9
849;9,3;30,9
850;9,3;30,9
851,001;9,3;30,9
852,001;9,3;30,9
853,001;9,3;30,9
854;9,3;30,9
855;9,3;30,9
856,001;9,3;30,9
857,001;9,3;30,9
858;9,3;30,9
859;9,3;31
860;9,3;31
861;9,3;31,1
862,001;9,2;31
863;9,2;31
864,001;9,2;31,1
865;9,2;31,1
866,001;9,2;31,1
867;9,2;31,1
868,001;9,2;31,1
869,003;9,1;31,1
870;9,1;31,1
871,001;9,1;31,1
872;9,1;31,1
873;9,1;31,1
874,001;9;31,2
875;9;31,2
876;9,1;31,2
877;9,1;31,2
878,001;9,1;31,2
879,001;9,1;31,2
880;9,1;31,2
881;9,1;31,2
882;9,1;31,2
883;9,1;31,2
884;9,1;31,2
885,001;9;31,2
886;9;31,2
887;9;31,3
888;9;31,3
889;9;31,3
890;9;31,3
891;9;31,3
892;9;31,3
893,001;9;31,3
894,001;9;31,3
895;9;31,4
896,001;9;31,4
897;9;31,4
898;9;31,4
899;9;31,4
900;9;31,4
901;9;31,4
902;9;31,4
903;8,9;31,4
904;8,9;31,5
905,001;8,9;31,5
906;8,9;31,5
907;8,9;31,5
908,001;8,9;31,5
909;8,9;31,5
910,001;8,9;31,5
911;8,9;31,5
912;8,9;31,5
913;8,9;31,5
914;8,9;31,5
915;8,8;31,5
916;8,8;31,5
917;8,8;31,5
918,001;8,8;31,5
919,001;8,8;31,5
920;8,8;31,5
921;8,8;31,5
922;8,8;31,5
923;8,8;31,6
924;8,8;31,6
925;8,8;31,6
926;8,8;31,6
927;8,8;31,6
928;8,7;31,6
929;8,7;31,7
930;8,7;31,7
931,001;8,7;31,7
932;8,7;31,7
933,001;8,6;31,7
934,001;8,6;31,7
935,001;8,6;31,7
936,001;8,6;31,7
937,001;8,6;31,7
938,001;8,6;31,7
939;8,6;31,7
940,001;8,6;31,8
941,001;8,6;31,8
942,001;8,6;31,8
943,001;8,6;31,8
944,001;8,6;31,8
945,001;8,5;31,8
946,001;8,5;31,8
947,001;8,5;31,8
948,001;8,5;31,8
949,001;8,5;31,8
950,001;8,5;31,8
951,001;8,5;31,8
952,001;8,5;31,8
953,001;8,5;31,9
954,001;8,5;31,9
955,001;8,6;31,9
956,001;8,6;31,9
957,001;8,5;31,9
958;8,5;31,9
959,001;8,5;31,9
960,001;8,5;31,9
961,001;8,5;32
962,001;8,5;32
963,001;8,4;32
964,001;8,4;32
965;8,4;32
966,001;8,4;32
967,001;8,4;32
968,001;8,4;32
969,001;8,4;32
970,001;8,4;32
971,001;8,4;32
972;8,4;32
973;8,4;32
974;8,4;32,1
975,001;8,4;32,1
976;8,4;32,1
977;8,4;32,1
978,001;8,4;32,1
979;8,4;32,1
980;8,4;32,1
981;8,4;32,1
982;8,4;32,2
983;8,4;32,2
984;8,3;32,2
985;8,3;32,2
986;8,3;32,2
986,999;8,3;32,2
988;8,3;32,2
989;8,3;32,2
990,001;8,3;32,2
991,001;8,3;32,3
992;8,3;32,3
993;8,3;32,3
994;8,2;32,3
995;8,2;32,3
996;8,2;32,3
996,999;8,2;32,3
998,001;8,2;32,3
999;8,2;32,3
1000;8,1;32,3
1001;8,1;32,3
1002;8,1;32,3
1003;8,1;32,3
1004;8,1;32,3
1005;8,1;32,3
1006,001;8,1;32,3
1007;8,1;32,4
1008;8,1;32,4
1009;8,1;32,4
1010;8,1;32,4
1011;8,1;32,4
1012;8,1;32,4
1013;8,1;32,4
1014;8,1;32,5
1015,001;7,9;32,5
1016;8;32,5
1017;8;32,5
1018;8;32,5
1019;8;32,5
1020;8;32,5
1021;8;32,5
1022,002;8;32,5
1023;8;32,5
1024;8;32,5
1025;7,9;32,5
1026;7,9;32,5
1027;8;32,6
1028;8;32,6
1029;8;32,6
1030,001;8;32,6
1031;8;32,6
1032;8;32,6
1033;8;32,6
1034;7,9;32,7
1035;7,9;32,7
1036;7,9;32,7
1037,001;7,9;32,7
1038;7,9;32,7
1039;7,9;32,7
1040,001;7,9;32,7
1041;7,9;32,7
1042;7,9;32,7
1043;7,9;32,7
1044;7,9;32,7
1045;7,9;32,7
1046;7,9;32,7
1047;7,9;32,7
1048;7,9;32,8
1049;7,9;32,8
1050,001;7,9;32,8
1050,999;7,9;32,8
1052;7,9;32,8
1053;7,9;32,8
1054,001;7,9;32,8
1055;7,9;32,8
1056;7,9;32,8
1057;7,9;32,8
1058;7,8;32,8
1059;7,8;32,8
1060;7,8;32,8
1061;7,8;32,8
1062;7,8;32,9
1063;7,8;32,9
1064;7,8;32,9
1065;7,8;32,9
1066;7,8;32,9
1067;7,8;32,9
1068;7,8;32,9
1069,001;7,8;32,9
1070;7,8;32,9
1071;7,8;32,9
1072;7,8;33
1073,001;7,8;33
1074;7,7;33
1075,001;7,7;33
1076,001;7,7;33
1077,001;7,7;33
1078;7,7;33
1079,001;7,7;33
1080;7,7;33
1081;7,7;33
1082;7,7;33
1083;7,7;33
1084,001;7,7;33
1085,001;7,7;33,1
1086;7,7;33,1
1087,001;7,7;33,1
1088;7,7;33,1
1089,001;7,7;33,1
1090;7,7;33,1
1091;7,7;33,1
1092;7,7;33,1
1093;7,7;33,1
1094,001;7,7;33,1
1095;7,6;33,1
1096;7,6;33,1
1097;7,6;33,1
1098,001;7,6;33,1
1099;7,6;33,1
1100;7,6;33,2
1101;7,6;33,2
1102;7,6;33,2
1103;7,6;33,2
1104,001;7,6;33,2
1105;7,6;33,3
1106;7,6;33,3
1107;7,6;33,3
1108;7,6;33,3
1109;7,6;33,3
1110;7,5;33,3
1111;7,5;33,3
1112;7,5;33,3
1113;7,5;33,3
1114,001;7,5;33,3
1115;7,5;33,3
1116;7,5;33,3
1117,001;7,5;33,3
1118;7,5;33,4
1119;7,5;33,4
1120,001;7,5;33,4
1121;7,5;33,4
1122,001;7,4;33,4
1123;7,4;33,4
1123,999;7,4;33,4
1125;7,4;33,4
1126;7,4;33,4
1127;7,4;33,4
1128;7,4;33,4
1129;7,4;33,5
1130,001;7,4;33,5
1131;7,4;33,5
1132;7,4;33,5
1133;7,4;33,5
1134;7,4;33,5
1135;7,4;33,5
1136;7,4;33,5
1137,001;7,4;33,5
1138,001;7,4;33,5
1139;7,4;33,5
1140;7,4;33,5
1141;7,4;33,5
1142;7,4;33,5
1143;7,4;33,5
1144;7,3;33,6
1145;7,3;33,6
1146,001;7,3;33,6
1147;7,3;33,6
1148,001;7,3;33,6
1149,001;7,3;33,6
1150;7,3;33,6
1151;7,3;33,6
1152;7,3;33,6
1153,001;7,3;33,6
1154,001;7,3;33,6
1155,001;7,3;33,6
1156,001;7,3;33,6
1157;7,3;33,6
1158;7,3;33,6
1159,001;7,3;33,6
1160;7,3;33,6
1161;7,3;33,7
1162;7,3;33,7
1163;7,3;33,7
1164;7,3;33,8
1165;7,3;33,8
1166;7,3;33,8
1167,001;7,3;33,8
1168;7,3;33,8
1169;7,3;33,8
1170,001;7,2;33,8
1171,001;7,2;33,8
1172;7,2;33,8
1173;7,2;33,8
1174;7,1;33,8
1175;7,1;33,8
1176;7,1;33,8
1177,001;7,1;33,8
1178;7,1;33,8
1179;7,1;33,8
1180;7,1;33,8
1181;7,1;33,8
1182;7,1;33,9
1183;7,1;33,9
1184,001;7,1;33,9
1185;7,1;33,9
1186;7,1;33,9
1187,001;7;33,9
1188;7;33,9
1189,001;7;33,9
1190,001;7;33,9
1191,001;7;33,9
1192,001;7;33,9
1193,001;7;33,9
1194;7;33,9
1195;7;33,9
1196;7;34
1197;7;34
1198,001;7;34
1199,001;7;34
1200;7;34
1201;7;34
1202;7;34
1203;6,9;34
1204,001;6,9;34
1205,001;6,9;34
1206;6,9;34
1207;6,9;34,1
1208;6,9;34,1
1209;6,9;34,1
1210;6,9;34,1
1211;6,9;34,1
1212;6,8;34,1
1213;6,8;34,1
1214,001;6,8;34,1
1215;6,8;34,1
1216,001;6,8;34,1
1217;6,8;34,1
1218,001;6,8;34,1
1219;6,8;34,1
1220,001;6,8;34,2
1221,001;6,8;34,2
1222;6,8;34,2
1223;6,8;34,2
1224;6,8;34,2
1225;6,8;34,2
1226,001;6,8;34,2
1227;6,8;34,2
1228,001;6,8;34,2
1229;6,8;34,2
1230;6,8;34,2
1231;6,8;34,2
1232,001;6,8;34,2
1233;6,8;34,2
1234,001;6,8;34,3
1235;6,8;34,3
1236;6,8;34,3
1237;6,8;34,3
1238,001;6,8;34,3
1239,001;6,8;34,3
1240,001;6,7;34,3
1241;6,7;34,3
1242;6,7;34,3
1243;6,7;34,3
1244,001;6,7;34,3
1245,001;6,7;34,4
1246;6,7;34,4
1247;6,7;34,4
1248,001;6,7;34,4
1249;6,6;34,4
1250;6,6;34,4
1251;6,6;34,4
1252,001;6,6;34,4
1253;6,6;34,4
1254,001;6,6;34,5
1255,006;6,6;34,5
1256;6,6;34,5
1257;6,6;34,5
1258,001;6,6;34,5
1259;6,6;34,5
1260;6,6;34,5
1261;6,6;34,5
1262;6,6;34,5
1263;6,6;34,5
1264;6,6;34,5
1265;6,6;34,5
1266,001;6,6;34,5
1267;6,6;34,5
1268;6,6;34,5
1269,001;6,6;34,5
1270;6,6;34,5
1271,001;6,6;34,5
1272,001;6,6;34,5
1273;6,5;34,5
1274;6,5;34,6
1275,001;6,5;34,6
1276;6,5;34,6
1277;6,5;34,6
1278,001;6,5;34,6
1279;6,5;34,6
1280,001;6,5;34,6
1281,001;6,5;34,6
1282;6,4;34,6
1283;6,4;34,6
1284;6,4;34,6
1285;6,4;34,7
1286;6,4;34,7
1287;6,4;34,7
1288;6,4;34,7
1289;6,4;34,7
1290;6,4;34,7
1291,001;6,4;34,7
1292;6,4;34,7
1293;6,4;34,7
1294;6,4;34,7
1295;6,4;34,7
1296;6,4;34,7
1297;6,4;34,7
1298;6,4;34,7
1299;6,4;34,7
1300,001;6,4;34,7
1301;6,4;34,7
1302;6,4;34,7
1303;6,4;34,8
1304;6,4;34,8
1305,001;6,4;34,8
1306;6,4;34,8
1307;6,4;34,8
1308;6,4;34,8
1309,001;6,3;34,8
1310;6,3;34,8
1311;6,3;34,8
1312;6,3;34,8
1313;6,3;34,8
1314;6,3;34,8
1315;6,3;34,9
1316;6,3;34,9
1317;6,3;34,9
1318;6,3;34,9
1319;6,3;34,9
1320;6,3;34,9
1321;6,3;35
1322;6,2;34,9
1323;6,2;35
1324;6,2;35
1325;6,2;35
1326;6,2;35
1327;6,2;35
1328;6,2;35
1329;6,2;35
1330;6,2;35
1331,001;6,2;35
1332;6,2;35
1333;6,2;35
1334;6,2;35
1335;6,2;35,1
1336;6,2;35,1
1337;6,2;35,1
1338;6,2;35,1
1339;6,2;35,1
1340;6,2;35,1
1341;6,2;35,1
1342;6,2;35,1
1343;6,1;35,1
1344;6,1;35,1
1345;6,1;35,1
1346;6,1;35,1
1347;6,1;35,1
1348;6,1;35,1
1349;6,1;35,1
1350;6,1;35,1
1351;6,1;35,1
1352;6,1;35,2
1353;6,1;35,2
1354;6,1;35,2
1355;6,1;35,2
1356;6,1;35,2
1357;6,1;35,2
1358;6,1;35,2
1359;6,1;35,2
1360;6,1;35,2
1361,001;6,1;35,2
1362,001;6,1;35,2
1363;6,1;35,2
1364,001;6;35,2
1365;6;35,2
1366,001;6,1;35,2
1367;6,1;35,2
1368;6;35,2
1369;6;35,2
1370;6;35,3
1371,001;6;35,3
1372,001;6;35,3
1373;6;35,3
1374;6;35,3
1375;6;35,3
1376;6;35,3
1377;6;35,3
1378;6;35,3
1379;6;35,3
1380;6;35,3
1381;6;35,3
1382;6;35,3
1383;6;35,4
1384,001;6;35,4
1385,001;5,9;35,4
1386,001;5,9;35,4
1387;5,9;35,4
1388,002;5,9;35,4
1389,001;5,9;35,4
1390;5,9;35,4
1391;5,9;35,4
1392;5,9;35,4
1393;5,8;35,4
1394;5,8;35,4
1395;5,8;35,4
1396;5,8;35,4
1397;5,8;35,4
1398;5,8;35,4
1399;5,8;35,4
1400;5,8;35,5
1401,001;5,8;35,5
1402;5,7;35,5
1403,001;5,7;35,5
1404;5,7;35,5
1405,001;5,7;35,5
1406;5,7;35,5
1407;5,7;35,5
1408;5,7;35,5
1409;5,7;35,5
1410;5,7;35,5
1411;5,7;35,5
1412;5,8;35,5
1413,001;5,8;35,5
1414;5,8;35,5
1415;5,8;35,5
1416;5,8;35,5
1417;5,7;35,5
1418;5,7;35,5
1419;5,7;35,6
1420;5,7;35,6
1421;5,7;35,6
1422;5,7;35,6
1423;5,7;35,7
1424;5,8;35,7
1425;5,8;35,7
1426;5,8;35,7
1427,001;5,7;35,7
1428;5,7;35,7
1429;5,7;35,7
1430,001;5,7;35,7
1431;5,7;35,7
1432,001;5,7;35,7
1433;5,7;35,7
1434,001;5,7;35,7
1435,001;5,7;35,7
1436;5,7;35,7
1437,001;5,7;35,7
1438,001;5,7;35,7
1439,001;5,7;35,7
1440,001;5,7;35,7
1441;5,7;35,7
1442;5,7;35,7
1443;5,7;35,7
1444;5,7;35,7
1445;5,7;35,8
1446;5,7;35,8
1447,001;5,7;35,8
1448;5,7;35,8
1449;5,7;35,8
1450;5,7;35,8
1451;5,7;35,8
1452;5,7;35,8
1453;5,7;35,8
1454;5,6;35,8
1455;5,6;35,8
1456;5,6;35,9
1457,001;5,6;35,9
1458;5,6;35,9
1459;5,6;35,9
1460;5,6;35,9
1461;5,6;35,9
1462,001;5,6;35,9
1463;5,6;35,9
1464;5,6;35,9
1465;5,6;35,9
1466;5,6;35,9
1467;5,6;35,9
1468;5,5;35,9
1469,001;5,5;35,9
1470;5,5;35,9
1471,001;5,5;35,9
1472;5,5;35,9
1473;5,5;35,9
1474;5,5;36
1475;5,5;36
1476;5,5;36
1477;5,5;36
1478;5,5;36
1479;5,5;36
1480;5,5;36
1481;5,5;36
1482,001;5,5;36
1483;5,5;36
1484;5,5;36
1485;5,5;36
1486;5,5;36
1487;5,5;36
1488;5,5;36
1489;5,5;36
1490;5,5;36
1491;5,5;36
1492;5,5;36
1493,001;5,5;36,1
1494,001;5,5;36,1
1495,001;5,5;36,1
1496,001;5,5;36,1
1497;5,4;36,1
1498;5,4;36,1
1499;5,4;36,1
1500,001;5,4;36,1
1501;5,4;36,1
1502;5,4;36,2
1503;5,4;36,1
1504;5,4;36,1
1505,006;5,4;36,1
1506;5,4;36,2
1507;5,3;36,2
1508,001;5,4;36,2
1509;5,4;36,2
1510;5,4;36,2
1511,001;5,4;36,2
1512;5,4;36,2
1513,002;5,3;36,2
1514;5,3;36,2
1515;5,3;36,2
1516;5,3;36,2
1517;5,3;36,2
1518;5,3;36,2
1519;5,3;36,2
1520;5,3;36,2
1521;5,3;36,3
1522;5,3;36,3
1523;5,3;36,3
1524;5,3;36,3
1525,001;5,3;36,3
1526,006;5,9;36,3
1527,001;6,3;36,3
1528;6,4;36,3
1529;6,5;36,3
1530;6,5;36,3
1531;6,5;36,3
1532;6,5;36,3
1533;6,5;36,4
1534,001;6,5;36,4
1535;6,5;36,4
1536;6,5;36,4
1537;6,5;36,4
1538;6,5;36,4
1539;6,5;36,4
1540;6,5;36,4
1541;6,5;36,4
1542;6,5;36,4
1543,001;6,5;36,4
1543,999;6,5;36,4
1545;6,5;36,4
1546,001;6,5;36,4
1547;6,5;36,4
1548;6,5;36,4
1549;6,5;36,4
1550;6,5;36,4
1551;6,5;36,4
1552;6,5;36,5
1553;6,5;36,5
1554;6,5;36,5
1555,001;6,5;36,5
1555,999;6,5;36,5
1557;6,5;36,5
1558;6,5;36,5
1559;6,5;36,5
1560;6,5;36,5
1561;6,5;36,5
1562;6,5;36,5
1563;6,5;36,5
1564;6,5;36,5
1565;6,5;36,5
1566;6,5;36,6
1567;6,5;36,6
1568;6,5;36,6
1569;6,5;36,6
1570,001;6,5;36,6
1571;6,5;36,6
1572,001;6,5;36,6
1573,001;6,5;36,7
1574;6,5;36,7
1575;6,5;36,7
1576;6,5;36,7
1577,001;6,5;36,7
1578;6,5;36,7
1579;6,5;36,7
1580,001;6,5;36,7
1581;6,5;36,7
1582;6,5;36,7
1583;6,5;36,7
1584,001;6,5;36,7
1585;6,5;36,7
1586;6,5;36,7
1587;6,5;36,7
1588;6,5;36,7
1589;6,5;36,7
1590;6,5;36,7
1591;6,5;36,7
1592;6,5;36,7
1593,001;6,5;36,8
1594;6,5;36,8
1595;6,5;36,8
1596;6,5;36,8
1597;6,5;36,8
1598;6,5;36,8
1599;6,5;36,8
1600,002;6,5;36,8
1601;6,5;36,8
1602;6,5;36,8
1603,001;6,5;36,8
1604,001;6,5;36,8
1605;6,5;36,8
1606;6,5;36,8
1607,001;6,5;36,8
1608;6,5;36,8
1609,001;6,5;36,9
1610,001;6,5;36,9
1610,999;6,5;36,9
1612,001;6,5;36,9
1613;6,5;36,9
1614;6,5;36,9
1615,001;6,5;36,9
1616;6,5;36,9
1617;6,5;37
1618,001;6,5;37
1619;6,5;37
1620;6,5;37
1620,999;6,5;37
1622;6,5;37
1623;6,5;37
1624;6,5;37
1625;6,5;37
1626;6,5;37
1627,001;6,5;37
1628;6,5;37
1629;6,5;37
1630;6,5;37
1631;6,5;37
1632;6,5;37
1633,001;6,5;37
1634;6,5;37
1635;6,5;37
1636,001;6,5;37
1637;6,5;37
1638;6,5;37
1639,001;6,5;37,1
1640,001;6,5;37,1
1641;6,5;37,1
1642;6,5;37,1
1643,002;6,5;37,1
1644;6,5;37,1
1645,001;6,5;37,1
1646,001;6,5;37,1
1647;6,5;37,1
1648;6,5;37,1
1649;6,5;37,1
1650;6,5;37,1
1651;6,5;37,1
1652;6,5;37,1
1653,001;6,5;37,1
1654;6,5;37,1
1655,001;6,5;37,1
1656;6,5;37,1
1657,001;6,5;37,1
1658;6,5;37,1
1659;6,5;37,2
1660;6,5;37,2
1661;6,5;37,2
1662;6,5;37,2
1663;6,5;37,2
1664;6,5;37,2
1665;6,5;37,2
1666;6,5;37,2
1667;6,5;37,3
1668,001;6,5;37,3
1669;6,5;37,3
1670;6,5;37,3
1671;6,5;37,3
1672;6,5;37,3
1673;6,5;37,3
1674;6,5;37,3
1675;6,5;37,3
1676;6,5;37,3
1677;6,5;37,3
1678;6,5;37,3
1679;6,5;37,3
1679,999;6,5;37,3
1681;6,5;37,3
1682;6,5;37,3
1683;6,5;37,3
1684,001;6,5;37,4
1685;6,5;37,4
1686;6,5;37,4
1687;6,5;37,4
1688;6,5;37,4
1689,001;6,5;37,4
1690,001;6,5;37,4
1691;6,5;37,4
1692;6,5;37,4
1693;6,5;37,4
1694;6,5;37,4
1695;6,5;37,4
1696;6,5;37,4
1697;6,5;37,4
1698;6,5;37,5
1699;6,5;37,5
1700;6,5;37,5
1701;6,5;37,5
1702;6,5;37,5
1703;6,5;37,5
1704;6,5;37,5
1705;6,5;37,5
1706;6,5;37,5
1707,001;6,5;37,5
1708;6,5;37,5
1709;6,5;37,5
1710;6,5;37,5
1711,001;6,5;37,5
1712;6,5;37,5
1713;6,5;37,5
1713,999;6,5;37,5
1715;6,5;37,5
1716;6,5;37,5
1717;6,5;37,5
1718;6,5;37,5
1719;6,5;37,5
1720;6,5;37,6
1721;6,5;37,6
1722;6,5;37,6
1723;6,5;37,6
1724,001;6,5;37,6
1725;6,5;37,6
1726;6,5;37,6
1727;6,5;37,6
1728;6,5;37,6
1729,001;6,5;37,6
1730;6,5;37,6
1731;6,5;37,6
1732;6,5;37,6
1733;6,5;37,6
1734;6,5;37,6
1735;6,5;37,6
1736;6,5;37,6
1737;6,5;37,6
1738,001;6,5;37,6
1739;6,5;37,6
1740;6,5;37,6
1741;6,5;37,6
1742,001;6,5;37,6
1743,001;6,5;37,6
1744;6,5;37,6
1745;6,5;37,6
1746;6,5;37,6
1747;6,5;37,7
1748,001;6,5;37,7
1749;6,5;37,7
1750,001;6,5;37,7
1751;6,5;37,7
1752;6,5;37,7
1753;6,5;37,8
1754;6,5;37,8
1755;6,5;37,8
1756,001;6,5;37,8
1757;6,5;37,8
1758;6,5;37,8
1759;6,5;37,8
1760;6,5;37,8
1761;6,5;37,8
1762;6,5;37,8
1763;6,5;37,8
1764;6,5;37,8
1765;6,5;37,8
1766,001;6,5;37,8
1767;6,5;37,8
1768,001;6,5;37,8
1769,001;6,5;37,9
1770;6,5;37,9
1771;6,5;37,9
1772;6,5;37,9
1773;6,5;37,9
1774,001;6,5;37,9
1775;6,5;37,9
1776;6,5;37,9
1777,001;6,5;37,9
1778;6,5;37,9
1779;6,5;37,9
1780;6,5;37,9
1781;6,5;37,9
1782;6,5;37,9
1783;6,5;38
1784;6,5;38
1785;6,5;38
1786;6,5;38
1787;6,5;38
1788;6,5;38
1789;6,5;38
1790;6,5;38
1791;6,5;38
1792;6,5;38
1793;6,5;38
1794;6,5;38
1795;6,5;38
1796;6,5;38
1797,001;6,5;38,1
1798,001;6,5;38,1
1799;6,5;38,1
1800;6,5;38,1
1801;6,5;38,1
1802,001;6,5;38,1
1803;6,5;38,1
1804;6,5;38,1
1805,001;6,5;38,1
1806,001;6,5;38,1
1807;6,5;38,1
1807,999;6,5;38,1
1809;6,5;38,1
1810,001;6,5;38,1
