wert,wert,wert,wert
s,t,U,I
1,0,-1,-0.088316724
2,0.1204836,-0.998,-0.088246331
3,0.2409135,-0.996,-0.088175878
4,0.3613622,-0.994,-0.088305637
5,0.48181438,-0.992,-0.088145837
6,0.60225944,-0.99,-0.08826305
7,0.72272138,-0.988,-0.088243291
8,0.84315906,-0.986,-0.088269249
9,0.96361206,-0.984,-0.08837004
10,1.08406668,-0.982,-0.088365033
11,1.20452896,-0.98,-0.088367864
12,1.32496612,-0.978,-0.088333055
13,1.44541608,-0.976,-0.088343486
14,1.56584572,-0.974,-0.088282153
15,1.6863109,-0.972,-0.088253066
16,1.80673584,-0.97,-0.088228658
17,1.92717664,-0.968,-0.08834444
18,2.04763844,-0.966,-0.088350192
19,2.1680715,-0.964,-0.088426337
20,2.2885213,-0.962,-0.088389203
21,2.408959,-0.96,-0.088380501
22,2.5294177,-0.958,-0.088411912
23,2.6498543,-0.956,-0.088410452
24,2.77030466,-0.954,-0.088404134
25,2.89074392,-0.952,-0.088345423
26,3.01121322,-0.95,-0.088334933
27,3.1316613,-0.948,-0.088360533
28,3.25210806,-0.946,-0.088307336
29,3.37253848,-0.944,-0.088289812
30,3.49297128,-0.942,-0.088359222
31,3.61343634,-0.94,-0.088378266
32,3.73386746,-0.938,-0.088375881
33,3.8543365,-0.936,-0.088471636
34,3.97477434,-0.934,-0.088470861
35,4.09522772,-0.932,-0.088511154
36,4.21566706,-0.93,-0.088346705
37,4.33612886,-0.928,-0.088443711
38,4.456559,-0.926,-0.088475272
39,4.57701526,-0.924,-0.088469878
40,4.6974675,-0.922,-0.088501111
41,4.8179274,-0.92,-0.088413611
42,4.93837236,-0.918,-0.088482544
43,5.05883298,-0.916,-0.088568375
44,5.17927176,-0.914,-0.088688955
45,5.29970686,-0.912,-0.088623747
46,5.42014916,-0.91,-0.088892147
47,5.54058424,-0.908,-0.08874391
48,5.66103014,-0.906,-0.088681415
49,5.78147994,-0.904,-0.088737175
50,5.90194028,-0.902,-0.088693038
51,6.02237594,-0.9,-0.088855073
52,6.14283098,-0.898,-0.088867947
53,6.26325806,-0.896,-0.088898674
54,6.38372212,-0.894,-0.088942572
55,6.50417716,-0.892,-0.088783607
56,6.6246227,-0.89,-0.088827059
57,6.74505564,-0.888,-0.088732049
58,6.86547486,-0.886,-0.088748172
59,6.9859382,-0.884,-0.088747665
60,7.10637956,-0.882,-0.088719442
61,7.22683514,-0.88,-0.088638738
62,7.3472844,-0.878,-0.08871837
63,7.46773566,-0.876,-0.088745728
64,7.58818084,-0.874,-0.088786528
65,7.70863638,-0.872,-0.088773891
66,7.8290839,-0.87,-0.088802949
67,7.94953488,-0.868,-0.088763371
68,8.06995874,-0.866,-0.088862494
69,8.1904155,-0.864,-0.088858321
70,8.31085262,-0.862,-0.088803485
71,8.43129124,-0.86,-0.088751867
72,8.55173946,-0.858,-0.088780954
73,8.67216462,-0.856,-0.088903919
74,8.79261386,-0.854,-0.088833049
75,8.91305158,-0.852,-0.088861331
76,9.0335229,-0.85,-0.088776186
77,9.15395948,-0.848,-0.088898465
78,9.27441086,-0.846,-0.088811204
79,9.39484456,-0.844,-0.088812396
80,9.51530122,-0.842,-0.088839635
81,9.63575414,-0.84,-0.088759705
82,9.75623736,-0.838,-0.088824943
83,9.87669702,-0.836,-0.088664249
84,9.99714534,-0.834,-0.088761136
85,10.11760196,-0.832,-0.088601843
86,10.23803652,-0.83,-0.088549837
87,10.35850334,-0.828,-0.088645026
88,10.4789388,-0.826,-0.088779941
89,10.59938346,-0.824,-0.088678703
90,10.71981794,-0.822,-0.088656589
91,10.84027006,-0.82,-0.088726655
92,10.96071232,-0.818,-0.088754669
93,11.0811628,-0.816,-0.088738874
94,11.20161404,-0.814,-0.088735417
95,11.32206406,-0.812,-0.08872731
96,11.4425037,-0.81,-0.088704422
97,11.5629451,-0.808,-0.088539824
98,11.6833907,-0.806,-0.088558421
99,11.80383408,-0.804,-0.088619247
100,11.92428864,-0.802,-0.088694081
101,12.04473108,-0.8,-0.088668719
102,12.16518142,-0.798,-0.088732675
103,12.2856269,-0.796,-0.088712081
104,12.40608158,-0.794,-0.088719711
105,12.5265156,-0.792,-0.088638946
106,12.64698184,-0.79,-0.088710859
107,12.76742962,-0.788,-0.088774696
108,12.8878963,-0.786,-0.088765725
109,13.00832988,-0.784,-0.088749751
110,13.1287651,-0.782,-0.088764682
111,13.24920996,-0.78,-0.088874295
112,13.36965378,-0.778,-0.088763699
113,13.4901026,-0.776,-0.088804707
114,13.61053498,-0.774,-0.088803127
115,13.73099742,-0.772,-0.088733062
116,13.85142372,-0.77,-0.088690624
117,13.97188876,-0.768,-0.088910893
118,14.0923205,-0.766,-0.08886759
119,14.21278614,-0.764,-0.088878408
120,14.33320622,-0.762,-0.08882086
121,14.45366694,-0.76,-0.088747784
122,14.57411064,-0.758,-0.088739976
123,14.69453676,-0.756,-0.08863081
124,14.81499358,-0.754,-0.088770822
125,14.93544046,-0.752,-0.088830903
126,15.05590124,-0.75,-0.088820413
127,15.17634206,-0.748,-0.08879213
128,15.29681664,-0.746,-0.088786617
129,15.417258,-0.744,-0.088738695
130,15.53771016,-0.742,-0.088754848
131,15.6581613,-0.74,-0.088817731
132,15.77861238,-0.738,-0.088857189
133,15.89905692,-0.736,-0.088802323
134,16.0195019,-0.734,-0.088746771
135,16.13994376,-0.732,-0.088765696
136,16.2604005,-0.73,-0.088616982
137,16.38084444,-0.728,-0.08878468
138,16.50128264,-0.726,-0.08869867
139,16.62172252,-0.724,-0.088660523
140,16.74216022,-0.722,-0.088656023
141,16.86261152,-0.72,-0.088712856
142,16.9830697,-0.718,-0.088878557
143,17.1035311,-0.716,-0.08872281
144,17.22397238,-0.714,-0.088805363
145,17.34443214,-0.712,-0.088734403
146,17.46487696,-0.71,-0.088765308
147,17.58532362,-0.708,-0.088733986
148,17.7057598,-0.706,-0.08874698
149,17.82621236,-0.704,-0.088690683
150,17.94665646,-0.702,-0.088611141
151,18.0671106,-0.7,-0.088731453
152,18.1875571,-0.698,-0.088696375
153,18.30800972,-0.696,-0.088746294
154,18.42846098,-0.694,-0.088739738
155,18.54891142,-0.692,-0.08871071
156,18.66935698,-0.69,-0.088691935
157,18.78979806,-0.688,-0.088721022
158,18.91026074,-0.686,-0.088674948
159,19.03070318,-0.684,-0.08872287
160,19.15117428,-0.682,-0.088740394
161,19.27161562,-0.68,-0.088783577
162,19.39208756,-0.678,-0.088686928
163,19.51253276,-0.676,-0.088734314
164,19.63297672,-0.674,-0.088750288
165,19.7534329,-0.672,-0.08887814
166,19.87387788,-0.67,-0.088753805
167,19.99434204,-0.668,-0.088767275
168,20.11477954,-0.666,-0.088696793
169,20.23524932,-0.664,-0.088795349
170,20.35566988,-0.662,-0.088752851
171,20.47613756,-0.66,-0.088799819
172,20.59657174,-0.658,-0.088756159
173,20.71703902,-0.656,-0.08871533
174,20.83747278,-0.654,-0.088764712
175,20.95792312,-0.652,-0.088733718
176,21.078357,-0.65,-0.088808134
177,21.19881834,-0.648,-0.088695958
178,21.3192588,-0.646,-0.08874248
179,21.43969454,-0.644,-0.088771984
180,21.5601476,-0.642,-0.088673905
181,21.68059084,-0.64,-0.088691548
182,21.8010422,-0.638,-0.088478103
183,21.92148376,-0.636,-0.088635907
184,22.04192632,-0.634,-0.08863233
185,22.1623504,-0.632,-0.088684335
186,22.28280156,-0.63,-0.088608965
187,22.40323074,-0.628,-0.088650241
188,22.52369068,-0.626,-0.088738754
189,22.64413786,-0.624,-0.088755444
190,22.764593,-0.622,-0.088864729
191,22.8850377,-0.62,-0.088811412
192,23.00547732,-0.618,-0.088865981
193,23.12592364,-0.616,-0.088818356
194,23.24638082,-0.614,-0.088866845
195,23.36682764,-0.612,-0.088864848
196,23.48728636,-0.61,-0.088838622
197,23.6077459,-0.608,-0.088739052
198,23.72817576,-0.606,-0.088668182
199,23.84863156,-0.604,-0.0888616
200,23.96907566,-0.602,-0.088683978
201,24.08952648,-0.6,-0.088725254
202,24.20995436,-0.598,-0.088677034
203,24.33040998,-0.596,-0.088823989
204,24.45084878,-0.594,-0.0888495
205,24.57128652,-0.592,-0.08881177
206,24.69173002,-0.59,-0.088739261
207,24.81218582,-0.588,-0.088623807
208,24.93264912,-0.586,-0.088851586
209,25.05309064,-0.584,-0.08868666
210,25.17355054,-0.582,-0.088817462
211,25.29397678,-0.58,-0.088823959
212,25.41443056,-0.578,-0.088810727
213,25.53486982,-0.576,-0.088870421
214,25.65532962,-0.574,-0.088496283
215,25.77576154,-0.572,-0.088327393
216,25.89621938,-0.57,-0.087962255
217,26.01665452,-0.568,-0.088285252
218,26.13712454,-0.566,-0.088376954
219,26.25757608,-0.564,-0.08869262
220,26.37800854,-0.562,-0.088732675
221,26.49845522,-0.56,-0.088807657
222,26.61887844,-0.558,-0.088847533
223,26.7393335,-0.556,-0.088894144
224,26.859779,-0.554,-0.088866487
225,26.98022902,-0.552,-0.088843539
226,27.1006752,-0.55,-0.088887528
227,27.22114026,-0.548,-0.088955775
228,27.34159366,-0.546,-0.088885888
229,27.46203714,-0.544,-0.088771895
230,27.58248018,-0.542,-0.088626161
231,27.70294178,-0.54,-0.088559493
232,27.82337196,-0.538,-0.088642821
233,27.94380666,-0.536,-0.08872287
234,28.0642688,-0.534,-0.088667884
235,28.1847054,-0.532,-0.08887513
236,28.30516792,-0.53,-0.088905349
237,28.42561682,-0.528,-0.088820323
238,28.5460663,-0.526,-0.088784024
239,28.66651344,-0.524,-0.088711873
240,28.7869765,-0.522,-0.088561013
241,28.90742248,-0.52,-0.088623807
242,29.0278906,-0.518,-0.088712499
243,29.1483211,-0.516,-0.088610277
244,29.26877312,-0.514,-0.088557526
245,29.38921448,-0.512,-0.088654503
246,29.50966222,-0.51,-0.088870391
247,29.6301041,-0.508,-0.08892335
248,29.75055876,-0.506,-0.088761225
249,29.87100552,-0.504,-0.088916525
250,29.99144694,-0.502,-0.088858411
251,30.11189998,-0.5,-0.08887063
252,30.23232744,-0.498,-0.088819489
253,30.35277566,-0.496,-0.088856474
254,30.47321712,-0.494,-0.088648006
255,30.5936618,-0.492,-0.088601634
256,30.71410446,-0.49,-0.088637725
257,30.83452558,-0.488,-0.088556841
258,30.9549876,-0.486,-0.088579819
259,31.07542944,-0.484,-0.088683769
260,31.19587768,-0.482,-0.088822737
261,31.31631924,-0.48,-0.088750556
262,31.43679112,-0.478,-0.088845953
263,31.5572394,-0.476,-0.088596597
264,31.6776971,-0.474,-0.088541254
265,31.79812912,-0.472,-0.088645354
266,31.91857606,-0.47,-0.088466272
267,32.03900708,-0.468,-0.088658497
268,32.15947022,-0.466,-0.088752016
269,32.27990998,-0.464,-0.088666216
270,32.40037442,-0.462,-0.088552132
271,32.52082576,-0.46,-0.088558957
272,32.64125628,-0.458,-0.088595465
273,32.76172174,-0.456,-0.088707373
274,32.88215428,-0.454,-0.088586852
275,33.00261466,-0.452,-0.088577673
276,33.12305242,-0.45,-0.088635311
277,33.24351492,-0.448,-0.088776067
278,33.36393962,-0.446,-0.088826761
279,33.48439148,-0.444,-0.08876802
280,33.60483192,-0.442,-0.088760421
281,33.72528442,-0.44,-0.08877264
282,33.84572908,-0.438,-0.088535622
283,33.96619312,-0.436,-0.088486686
284,34.08664898,-0.434,-0.088411078
285,34.20708532,-0.432,-0.088414595
286,34.32754396,-0.43,-0.088624522
287,34.44798772,-0.428,-0.088584706
288,34.5684479,-0.426,-0.088646784
289,34.68890032,-0.424,-0.088776156
290,34.80935896,-0.422,-0.08879827
291,34.92980186,-0.42,-0.088654771
292,35.05024704,-0.418,-0.088687256
293,35.17070398,-0.416,-0.088537291
294,35.29114912,-0.414,-0.088654831
295,35.4115916,-0.412,-0.088458374
296,35.53204638,-0.41,-0.088643417
297,35.6524787,-0.408,-0.088592753
298,35.77293112,-0.406,-0.0886233
299,35.89338508,-0.404,-0.088646606
300,36.0138213,-0.402,-0.088513568
301,36.13425908,-0.4,-0.088814989
302,36.25469236,-0.398,-0.088636175
303,36.37513442,-0.396,-0.088717207
304,36.49558044,-0.394,-0.088784561
305,36.61603068,-0.392,-0.088589415
306,36.7364595,-0.39,-0.08862941
307,36.85691026,-0.388,-0.088568583
308,36.97735418,-0.386,-0.088734791
309,37.09780986,-0.384,-0.088636741
310,37.21827106,-0.382,-0.088648364
311,37.33870896,-0.38,-0.088675901
312,37.45916184,-0.378,-0.088741347
313,37.57959898,-0.376,-0.088763639
314,37.70006452,-0.374,-0.088743195
315,37.82050752,-0.372,-0.088627592
316,37.94096142,-0.37,-0.088504866
317,38.06138164,-0.368,-0.088679835
318,38.18183406,-0.366,-0.08873336
319,38.30227096,-0.364,-0.088705614
320,38.42271546,-0.362,-0.088678733
321,38.54317742,-0.36,-0.08876206
322,38.66361598,-0.358,-0.088756606
323,38.78407646,-0.356,-0.088565066
324,38.90451936,-0.354,-0.08840172
325,39.02498366,-0.352,-0.088581428
326,39.14541452,-0.35,-0.088601366
327,39.26588642,-0.348,-0.088697478
328,39.38631606,-0.346,-0.088685736
329,39.50677814,-0.344,-0.088761345
330,39.6272184,-0.342,-0.088757977
331,39.74766512,-0.34,-0.088699147
332,39.86808038,-0.338,-0.088501737
333,39.98853458,-0.336,-0.088481501
334,40.10897966,-0.334,-0.088459834
335,40.22942502,-0.332,-0.088416651
336,40.34988062,-0.33,-0.088421956
337,40.4703083,-0.328,-0.088455871
338,40.59076758,-0.326,-0.088562414
339,40.71121974,-0.324,-0.088663116
340,40.83166686,-0.322,-0.088604346
341,40.95212304,-0.32,-0.088562474
342,41.07258156,-0.318,-0.088557497
343,41.19303962,-0.316,-0.088632271
344,41.31348202,-0.314,-0.088623509
345,41.43392912,-0.312,-0.088575795
346,41.55438984,-0.31,-0.088749215
347,41.67483196,-0.308,-0.088753715
348,41.79527062,-0.306,-0.08874099
349,41.91572628,-0.304,-0.08867912
350,42.03616034,-0.302,-0.088669881
351,42.15661436,-0.3,-0.088668928
352,42.27705096,-0.298,-0.088480309
353,42.39749692,-0.296,-0.08838065
354,42.5179277,-0.294,-0.08845441
355,42.63837984,-0.292,-0.088493392
356,42.75882682,-0.29,-0.088547543
357,42.87927802,-0.288,-0.088641807
358,42.99971994,-0.286,-0.088640258
359,43.12017666,-0.284,-0.088579521
360,43.24061894,-0.282,-0.088667557
361,43.3610581,-0.28,-0.088647798
362,43.48151732,-0.278,-0.088649973
363,43.60195098,-0.276,-0.08867009
364,43.7224223,-0.274,-0.088678256
365,43.84285644,-0.272,-0.088687673
366,43.96330718,-0.27,-0.088723287
367,44.0837422,-0.268,-0.088716105
368,44.2041939,-0.266,-0.088666454
369,44.3246331,-0.264,-0.088714674
370,44.44508812,-0.262,-0.088616654
371,44.56552902,-0.26,-0.088670269
372,44.68597678,-0.258,-0.088684276
373,44.80641872,-0.256,-0.088697925
374,44.92687798,-0.254,-0.088530913
375,45.04730992,-0.252,-0.08864139
376,45.16775046,-0.25,-0.088698313
377,45.28822012,-0.248,-0.088669255
378,45.40865454,-0.246,-0.088622555
379,45.52909924,-0.244,-0.088640019
380,45.64954428,-0.242,-0.088676497
381,45.76999148,-0.24,-0.088717327
382,45.89042488,-0.238,-0.08873482
383,46.01087272,-0.236,-0.088846371
384,46.13130716,-0.234,-0.08884041
385,46.2517553,-0.232,-0.088767543
386,46.37218264,-0.23,-0.088786647
387,46.49264086,-0.228,-0.08869575
388,46.61309382,-0.226,-0.088813379
389,46.73354194,-0.224,-0.088748381
390,46.85400702,-0.222,-0.088758394
391,46.97445384,-0.22,-0.088786229
392,47.09489952,-0.218,-0.088991955
393,47.21535802,-0.216,-0.088951305
394,47.33581426,-0.214,-0.088904634
395,47.45625204,-0.212,-0.088938788
396,47.57669974,-0.21,-0.088933781
397,47.69713348,-0.208,-0.088953421
398,47.81758538,-0.206,-0.088680044
399,47.93803306,-0.204,-0.088956997
400,48.05849088,-0.202,-0.088886902
401,48.17892422,-0.2,-0.089078173
402,48.29935586,-0.198,-0.088972971
403,48.4198029,-0.196,-0.089052722
404,48.54023426,-0.194,-0.089009896
405,48.66068452,-0.192,-0.088937148
406,48.78111984,-0.19,-0.089039758
407,48.90158058,-0.188,-0.088707045
408,49.02202892,-0.186,-0.089013413
409,49.1424887,-0.184,-0.08904548
410,49.26292058,-0.182,-0.089066431
411,49.38338634,-0.18,-0.088969693
412,49.50383292,-0.178,-0.089046255
413,49.62428182,-0.176,-0.089156523
414,49.74471534,-0.174,-0.089219764
415,49.86515618,-0.172,-0.089346007
416,49.98561496,-0.17,-0.08912538
417,50.10606044,-0.168,-0.089343175
418,50.22650896,-0.166,-0.089073464
419,50.34693604,-0.164,-0.089315608
420,50.4673975,-0.162,-0.089189962
421,50.5878325,-0.16,-0.089020535
422,50.7082856,-0.158,-0.088898882
423,50.82872536,-0.156,-0.089030668
424,50.94916724,-0.154,-0.089062765
425,51.06961358,-0.152,-0.08898215
426,51.19006076,-0.15,-0.089039549
427,51.31049182,-0.148,-0.088899627
428,51.43093678,-0.146,-0.089056447
429,51.551398,-0.144,-0.088776097
430,51.67184468,-0.142,-0.089080557
431,51.7923008,-0.14,-0.088817313
432,51.91274586,-0.138,-0.089112535
433,52.0332014,-0.136,-0.088992402
434,52.1536348,-0.134,-0.089039251
435,52.27409576,-0.132,-0.089099869
436,52.39454294,-0.13,-0.089039758
437,52.51500478,-0.128,-0.089142755
438,52.63544588,-0.126,-0.08896111
439,52.75589078,-0.124,-0.089134082
440,52.87631478,-0.122,-0.088754132
441,52.99679678,-0.12,-0.088934973
442,53.11724822,-0.118,-0.088924065
443,53.23769368,-0.116,-0.088948831
444,53.3581555,-0.114,-0.089003369
445,53.47859794,-0.112,-0.088977024
446,53.59905566,-0.11,-0.088995919
447,53.71949764,-0.108,-0.088989571
448,53.83994576,-0.106,-0.089039519
449,53.9603913,-0.104,-0.088738933
450,54.0808416,-0.102,-0.088883594
451,54.2012776,-0.1,-0.088972762
452,54.32171414,-0.098,-0.089012608
453,54.44217972,-0.096,-0.088994458
454,54.56262646,-0.094,-0.088887587
455,54.68307146,-0.092,-0.089017048
456,54.80352436,-0.09,-0.08879073
457,54.92397458,-0.088,-0.089038089
458,55.0444191,-0.086,-0.089044705
459,55.164883,-0.084,-0.088811532
460,55.28531468,-0.082,-0.088858292
461,55.40577082,-0.08,-0.088750884
462,55.5262053,-0.078,-0.088901088
463,55.6466694,-0.076,-0.088688001
464,55.76710072,-0.074,-0.088883147
465,55.8875673,-0.072,-0.088532791
466,56.00802098,-0.07,-0.088838413
467,56.12846284,-0.068,-0.088897571
468,56.24891428,-0.066,-0.088994548
469,56.36933926,-0.064,-0.089112148
470,56.4898121,-0.062,-0.088973656
471,56.61025028,-0.06,-0.089000002
472,56.73071536,-0.058,-0.088757977
473,56.85115714,-0.056,-0.088815793
474,56.97160972,-0.054,-0.088729545
475,57.09203656,-0.052,-0.088948831
476,57.21248092,-0.05,-0.08892943
477,57.33291724,-0.048,-0.088965461
478,57.453367,-0.046,-0.089125618
479,57.57380678,-0.044,-0.08889325
480,57.69424504,-0.042,-0.089068189
481,57.81470272,-0.04,-0.088882521
482,57.93515518,-0.038,-0.088946983
483,58.05560812,-0.036,-0.088872567
484,58.1760555,-0.034,-0.088818833
485,58.29652038,-0.032,-0.089015141
486,58.41695278,-0.03,-0.08885996
487,58.5374084,-0.028,-0.088894263
488,58.65786332,-0.026,-0.088710949
489,58.77831218,-0.024,-0.088871822
490,58.89875302,-0.022,-0.088759437
491,59.01921414,-0.02,-0.088649884
492,59.13966394,-0.018,-0.088580295
493,59.26009692,-0.016,-0.088761523
494,59.38054198,-0.014,-0.088917986
495,59.50098532,-0.012,-0.088815555
496,59.62143212,-0.01,-0.088889852
497,59.74188196,-0.008,-0.088594392
498,59.8623433,-0.006,-0.088737413
499,59.98277736,-0.004,-0.088601306
500,60.10321918,-0.002,-0.088814989
501,60.22366276,0,-0.088819191
502,60.34442306,0.002,-0.088722959
503,60.4648717,0.004,-0.088832453
504,60.58532856,0.006,-0.088798389
505,60.70577084,0.008,-0.088858888
506,60.8262401,0.01,-0.088693038
507,60.94669682,0.012,-0.088813111
508,61.06715934,0.014,-0.088581815
509,61.18760756,0.016,-0.088761762
510,61.30803678,0.018,-0.088977054
511,61.42848198,0.02,-0.088923439
512,61.54892088,0.022,-0.088967159
513,61.66938268,0.024,-0.088624701
514,61.7897994,0.026,-0.08891435
515,61.91025394,0.028,-0.089002326
516,62.03070412,0.03,-0.089159206
517,62.15115448,0.032,-0.08905606
518,62.27159224,0.034,-0.08869414
519,62.39202624,0.036,-0.088929608
520,62.51248352,0.038,-0.08888109
521,62.6329164,0.04,-0.089109436
522,62.7533635,0.042,-0.088926598
523,62.87383294,0.044,-0.089110985
524,62.99429414,0.046,-0.088970318
525,63.11472866,0.048,-0.08895658
526,63.2351844,0.05,-0.08895953
527,63.3556284,0.052,-0.088980868
528,63.47607436,0.054,-0.089031681
529,63.5965106,0.056,-0.08898069
530,63.71697132,0.058,-0.08880721
531,63.83740126,0.06,-0.088895783
532,63.95784996,0.062,-0.0889716
533,64.07831848,0.064,-0.08901225
534,64.19876622,0.066,-0.088972166
535,64.3192296,0.068,-0.088882878
536,64.43965772,0.07,-0.088905498
537,64.5601327,0.072,-0.088949814
538,64.68056778,0.074,-0.088539168
539,64.80103082,0.076,-0.088730261
540,64.92147686,0.078,-0.088766798
541,65.0419227,0.08,-0.088950261
542,65.16236482,0.082,-0.088739738
543,65.28282526,0.084,-0.088585928
544,65.40326604,0.086,-0.088819996
545,65.52370112,0.088,-0.088858202
546,65.64416136,0.09,-0.088968322
547,65.7646084,0.092,-0.088963315
548,65.88506776,0.094,-0.089036003
549,66.00549858,0.096,-0.089006439
550,66.12594478,0.098,-0.089101836
551,66.24637098,0.1,-0.089089736
552,66.36682962,0.102,-0.088864878
553,66.4872779,0.104,-0.088990822
554,66.60772822,0.106,-0.088605002
555,66.72817164,0.108,-0.088909462
556,66.84862734,0.11,-0.08889471
557,66.96906924,0.112,-0.088978902
558,67.08953762,0.114,-0.088934943
559,67.20998414,0.116,-0.088945255
560,67.33043228,0.118,-0.088997379
561,67.45088622,0.12,-0.088725075
562,67.57131988,0.122,-0.088684335
563,67.691756,0.124,-0.088666514
564,67.81218364,0.126,-0.088810548
565,67.93262916,0.128,-0.088893846
566,68.05306008,0.13,-0.088938817
567,68.17351558,0.132,-0.08893688
568,68.29395164,0.134,-0.088971511
569,68.41440872,0.136,-0.089061841
570,68.53485822,0.138,-0.089043424
571,68.65532166,0.14,-0.089090273
572,68.77576718,0.142,-0.089035943
573,68.89620846,0.144,-0.089075789
574,69.01666036,0.146,-0.089177594
575,69.1371023,0.148,-0.089117095
576,69.25756832,0.15,-0.089119032
577,69.3780019,0.152,-0.089035347
578,69.49846648,0.154,-0.089087561
579,69.6189051,0.156,-0.088791981
580,69.73936284,0.158,-0.088879094
581,69.85979466,0.16,-0.088864997
582,69.98024292,0.162,-0.088984713
583,70.10067204,0.164,-0.089008287
584,70.22112658,0.166,-0.089068159
585,70.34156434,0.168,-0.089143828
586,70.46199262,0.17,-0.088990077
587,70.58243576,0.172,-0.088993683
588,70.7028693,0.174,-0.088531986
589,70.82331468,0.176,-0.088731751
590,70.943753,0.178,-0.088744178
591,71.06420806,0.18,-0.08879073
592,71.18465948,0.182,-0.088726953
593,71.30510608,0.184,-0.088879034
594,71.42554234,0.186,-0.088997617
595,71.54600294,0.188,-0.089033023
596,71.66645008,0.19,-0.089115486
597,71.78689588,0.192,-0.088836029
598,71.907332,0.194,-0.08906211
599,72.02777858,0.196,-0.088975534
600,72.1482175,0.198,-0.088888511
601,72.26863524,0.2,-0.089058056
602,72.3890902,0.202,-0.089154497
603,72.50952786,0.204,-0.089125887
604,72.62997408,0.206,-0.08905597
605,72.75040828,0.208,-0.088892564
606,72.8708606,0.21,-0.089069352
607,72.99129294,0.212,-0.089067206
608,73.11174224,0.214,-0.089018717
609,73.23218898,0.216,-0.088940814
610,73.35263856,0.218,-0.088933721
611,73.47306366,0.22,-0.088682875
612,73.59352782,0.222,-0.088836744
613,73.71397498,0.224,-0.088709399
614,73.83441152,0.226,-0.088442519
615,73.9548744,0.228,-0.088435575
616,74.07530426,0.23,-0.08845906
617,74.19574506,0.232,-0.088539258
618,74.31618012,0.234,-0.088325575
619,74.43663982,0.236,-0.088444218
620,74.55708014,0.238,-0.088442937
621,74.67752944,0.24,-0.088573292
622,74.79795718,0.242,-0.088714078
623,74.9184023,0.244,-0.088873133
624,75.03884212,0.246,-0.088248
625,75.15929672,0.248,-0.088679031
626,75.27973288,0.25,-0.088797852
627,75.4001653,0.252,-0.088827327
628,75.52062434,0.254,-0.088779882
629,75.64105742,0.256,-0.088698074
630,75.76150412,0.258,-0.088650152
631,75.8819276,0.26,-0.088631347
632,76.00236866,0.262,-0.088458642
633,76.12280644,0.264,-0.088532224
634,76.24326562,0.266,-0.088613883
635,76.36370002,0.268,-0.088426337
636,76.48415614,0.27,-0.088440463
637,76.6046064,0.272,-0.088274315
638,76.72508666,0.274,-0.088463023
639,76.84554006,0.276,-0.088615432
640,76.96599982,0.278,-0.088773116
641,77.08643994,0.28,-0.088788405
642,77.20687188,0.282,-0.088798866
643,77.32733054,0.284,-0.088759527
644,77.4477741,0.286,-0.088906541
645,77.56822548,0.288,-0.088808194
646,77.68865572,0.29,-0.088864401
647,77.8091024,0.292,-0.088880375
648,77.92954216,0.294,-0.088894203
649,78.05000352,0.296,-0.088771388
650,78.17045068,0.298,-0.088859335
651,78.29089348,0.3,-0.088795677
652,78.41132936,0.302,-0.08876352
653,78.5317864,0.304,-0.088660255
654,78.65223478,0.306,-0.088687614
655,78.77267022,0.308,-0.088711277
656,78.89311582,0.31,-0.088638738
657,79.01355304,0.312,-0.088567629
658,79.1340149,0.314,-0.088621482
659,79.2544574,0.316,-0.088735923
660,79.37491638,0.318,-0.08870624
661,79.49536098,0.32,-0.088725731
662,79.61582402,0.322,-0.088465139
663,79.73625296,0.324,-0.088555381
664,79.85670232,0.326,-0.088610485
665,79.9771538,0.328,-0.08871378
666,80.09759126,0.33,-0.08861132
667,80.21804934,0.332,-0.088560924
668,80.33848672,0.334,-0.088499352
669,80.45896124,0.336,-0.088323519
670,80.57939538,0.338,-0.088270381
671,80.6998541,0.34,-0.088342592
672,80.82030236,0.342,-0.088360623
673,80.94075394,0.344,-0.088214114
674,81.06117764,0.346,-0.088353232
675,81.18163034,0.348,-0.088147685
676,81.30206294,0.35,-0.088553086
677,81.42250594,0.352,-0.088292494
678,81.5429547,0.354,-0.088485017
679,81.663381,0.356,-0.088239148
680,81.7838252,0.358,-0.088375852
681,81.90424724,0.36,-0.087980792
682,82.02472614,0.362,-0.087968633
683,82.14517178,0.364,-0.088037655
684,82.2656192,0.366,-0.088012263
685,82.3860477,0.368,-0.088031307
686,82.5064999,0.37,-0.088008329
687,82.62693506,0.372,-0.088154808
688,82.74738424,0.374,-0.088095322
689,82.86781674,0.376,-0.088142976
690,82.98828626,0.378,-0.087590232
691,83.10870954,0.38,-0.087496921
692,83.22917304,0.382,-0.087636247
693,83.3496028,0.384,-0.087696299
694,83.47004702,0.386,-0.08752425
695,83.59049126,0.388,-0.087429062
696,83.71093388,0.39,-0.087560102
697,83.83139432,0.392,-0.087434307
698,83.95182876,0.394,-0.087359175
699,84.07228604,0.396,-0.086974457
700,84.19273438,0.398,-0.08737351
701,84.31320548,0.4,-0.087238267
702,84.43365748,0.402,-0.087430939
703,84.55411648,0.404,-0.087186024
704,84.67456432,0.406,-0.087343708
705,84.7950247,0.408,-0.087294683
706,84.9154676,0.41,-0.08714439
707,85.03590914,0.412,-0.087338582
708,85.15637574,0.414,-0.087091073
709,85.27680296,0.416,-0.087073788
710,85.39725294,0.418,-0.086752549
711,85.5176894,0.42,-0.086713806
712,85.63815396,0.422,-0.08647956
713,85.75858858,0.424,-0.086743727
714,85.8790323,0.426,-0.086428717
715,85.9994728,0.428,-0.086541519
716,86.11991746,0.43,-0.086294666
717,86.24037076,0.432,-0.086249664
718,86.36081264,0.434,-0.086350992
719,86.48125982,0.436,-0.086066708
720,86.60168812,0.438,-0.085935399
721,86.72214174,0.44,-0.085698411
722,86.8425651,0.442,-0.085702136
723,86.96301508,0.444,-0.085576132
724,87.083458,0.446,-0.085521802
725,87.20390308,0.448,-0.085170969
726,87.32433572,0.45,-0.085197821
727,87.44478456,0.452,-0.084853426
728,87.56522774,0.454,-0.084524676
729,87.68567336,0.456,-0.084450856
730,87.80612438,0.458,-0.084124222
731,87.92657018,0.46,-0.084103629
732,88.04701854,0.462,-0.083680257
733,88.16747262,0.464,-0.083483323
734,88.28789922,0.466,-0.083223507
735,88.40833278,0.468,-0.083116695
736,88.52878438,0.47,-0.082681939
737,88.6492235,0.472,-0.082330421
738,88.76968138,0.474,-0.081980243
739,88.89012602,0.476,-0.081646547
740,89.01059038,0.478,-0.081347987
741,89.13103346,0.48,-0.080806389
742,89.25147922,0.482,-0.080557391
743,89.37189676,0.484,-0.08016552
744,89.49234212,0.486,-0.079686269
745,89.6127775,0.488,-0.078975484
746,89.73323566,0.49,-0.078488931
747,89.85368402,0.492,-0.077812567
748,89.9741195,0.494,-0.077257827
749,90.09457088,0.496,-0.076682046
750,90.21501078,0.498,-0.075763389
751,90.33548454,0.5,-0.075460657
752,90.4559188,0.502,-0.074756518
753,90.57637208,0.504,-0.074073568
754,90.69681716,0.506,-0.073474929
755,90.81727044,0.508,-0.072754636
756,90.93770844,0.51,-0.071951196
757,91.05816982,0.512,-0.070889369
758,91.17861346,0.514,-0.069923714
759,91.29905886,0.516,-0.068971604
760,91.4195184,0.518,-0.068000227
761,91.53994574,0.52,-0.066795692
762,91.66039666,0.522,-0.065841347
763,91.78084084,0.524,-0.064512148
764,91.90129308,0.526,-0.063306227
765,92.02174732,0.528,-0.06194596
766,92.14220388,0.53,-0.060406283
767,92.26264192,0.532,-0.059090242
768,92.38307658,0.534,-0.057571784
769,92.50350862,0.536,-0.055986583
770,92.62395362,0.538,-0.054413155
771,92.74439802,0.54,-0.052866966
772,92.86484388,0.542,-0.051108822
773,92.9853023,0.544,-0.049263105
774,93.10574964,0.546,-0.047307879
775,93.22620314,0.548,-0.045293733
776,93.34664482,0.55,-0.043025613
777,93.46710474,0.552,-0.040843904
778,93.58753682,0.554,-0.038601443
779,93.70799844,0.556,-0.036056876
780,93.82842532,0.558,-0.033719078
781,93.94889276,0.56,-0.031055957
782,94.06933196,0.562,-0.02858679
783,94.18979912,0.564,-0.025729701
784,94.31024114,0.566,-0.022835299
785,94.43069166,0.568,-0.020005137
786,94.55113388,0.57,-0.016943827
787,94.67159124,0.572,-0.013699144
788,94.7920454,0.574,-0.010517314
789,95.00375024,0.576,-0.00664648
790,95.1242169,0.578,-0.003669845
791,95.33663288,0.58,-0.000119599
792,95.5654743,0.582,0.003631415
793,95.6859586,0.584,0.007046488
794,95.91477168,0.586,0.010913849
795,96.0352524,0.588,0.015027463
796,96.15569642,0.59,0.019034863
797,96.2761576,0.592,0.023174658
798,96.39659502,0.594,0.027513787
799,96.51705812,0.596,0.031829938
800,96.63749476,0.598,0.036482513
801,96.7579381,0.6,0.040969744
802,96.87838372,0.602,0.045760438
803,96.99882528,0.604,0.050640568
804,97.119289,0.606,0.055621125
805,97.23972266,0.608,0.060774617
806,97.36017156,0.61,0.065904409
807,97.48060682,0.612,0.071240552
808,97.60105586,0.614,0.07676255
809,97.72150106,0.616,0.082383096
810,97.84196356,0.618,0.087919191
811,97.96240464,0.62,0.093857974
812,98.08286466,0.622,0.099707313
813,98.2033102,0.624,0.104981281
814,98.37489132,0.626,0.112066269
815,98.49535242,0.628,0.118534088
816,98.61581732,0.63,0.12481308
817,98.73625008,0.632,0.13130188
818,98.85671634,0.634,0.137886047
819,98.9771524,0.636,0.144687653
820,99.09758982,0.638,0.151479721
821,99.21804284,0.64,0.158538818
822,99.33848112,0.642,0.165634155
823,99.45894704,0.644,0.17291069
824,99.57936728,0.646,0.180423737
825,99.6998248,0.648,0.187829971
826,99.82026102,0.65,0.195583344
827,99.9407106,0.652,0.203458786
828,100.0611404,0.654,0.211219788
829,100.1815831,0.656,0.219255447
830,100.3020252,0.658,0.227329254
831,100.4224788,0.66,0.235687256
832,100.5429249,0.662,0.244056702
833,100.663377,0.664,0.252435684
834,100.7838335,0.666,0.261131287
835,100.9042649,0.668,0.269962311
836,101.0247118,0.67,0.278747559
837,101.145168,0.672,0.287857056
838,101.2656175,0.674,0.296878815
839,101.3860574,0.676,0.306159973
840,101.5065069,0.678,0.315603256
841,101.6269355,0.68,0.325025558
842,101.7473975,0.682,0.334733963
843,101.867831,0.684,0.344467163
844,101.9882941,0.686,0.354345322
845,102.1087351,0.688,0.36435318
846,102.2291766,0.69,0.374362946
847,102.3496255,0.692,0.384666443
848,102.4700666,0.694,0.395080566
849,102.5905066,0.696,0.399856567
850,102.7109502,0.698,0.399856567
851,102.8313985,0.7,0.399860382
852,102.9518366,0.702,0.399852753
853,103.0722796,0.704,0.399858475
854,103.1927052,0.706,0.39985466
855,103.3131481,0.708,0.399858475
856,103.4335818,0.71,0.39985466
857,103.5540241,0.712,0.39985466
858,103.6744519,0.714,0.39985466
859,103.794877,0.716,0.399856567
860,103.9153141,0.718,0.399862289
861,104.0357557,0.72,0.39985466
862,104.1562059,0.722,0.39985466
863,104.276636,0.724,0.399860382
864,104.3970772,0.726,0.399858475
865,104.517505,0.728,0.39985466
866,104.6379476,0.73,0.399858475
867,104.7583754,0.732,0.39985466
868,104.8788188,0.734,0.39985466
869,104.9992447,0.736,0.399856567
870,105.119691,0.738,0.399858475
871,105.2401235,0.74,0.399850845
872,105.3605687,0.742,0.399858475
873,105.4810066,0.744,0.39985466
874,105.6014292,0.746,0.399850845
875,105.7218732,0.748,0.399852753
876,105.8423115,0.75,0.39985466
877,105.9627599,0.752,0.399852753
878,106.0831919,0.754,0.399850845
879,106.2036407,0.756,0.399858475
880,106.3240715,0.758,0.399852753
881,106.444517,0.76,0.39985466
882,106.5649473,0.762,0.399850845
883,106.6854033,0.764,0.399850845
884,106.8058378,0.766,0.399852753
885,106.9262944,0.768,0.39985466
886,107.0467222,0.77,0.39985466
887,107.1671597,0.772,0.399852753
888,107.2876079,0.774,0.399852753
889,107.4080299,0.776,0.399860382
890,107.5284838,0.778,0.399850845
891,107.6489142,0.78,0.39985466
892,107.769365,0.782,0.399852753
893,107.8897953,0.784,0.399856567
894,108.0102403,0.786,0.399850845
895,108.1306739,0.788,0.399850845
896,108.2511218,0.79,0.39985466
897,108.3715501,0.792,0.399852753
898,108.4919926,0.794,0.399860382
899,108.6124187,0.796,0.399852753
900,108.7328554,0.798,0.399848938
901,108.8532981,0.8,0.399850845
902,108.9737347,0.802,0.399847031
903,109.0941769,0.804,0.399848938
904,109.2146034,0.806,0.399850845
905,109.3350458,0.808,0.399850845
906,109.4554798,0.81,0.399852753
907,109.5759282,0.812,0.399850845
908,109.6963744,0.814,0.399848938
909,109.8168168,0.816,0.399845123
910,109.9372572,0.818,0.399847031
911,110.0577001,0.82,0.399850845
912,110.1781315,0.822,0.399848938
913,110.298574,0.824,0.399847031
914,110.4190185,0.826,0.399850845
915,110.5394614,0.828,0.399847031
916,110.6599043,0.83,0.399847031
917,110.7803462,0.832,0.399852753
918,110.9007899,0.834,0.399847031
919,111.0212252,0.836,0.399843216
920,111.1416687,0.838,0.399843216
921,111.262089,0.84,0.399847031
922,111.3825357,0.842,0.399847031
923,111.5029746,0.844,0.399850845
924,111.6234235,0.846,0.399847031
925,111.7438596,0.848,0.399845123
926,111.8642794,0.85,0.399848938
927,111.9847291,0.852,0.399850845
928,112.1051576,0.854,0.399847031
929,112.2255979,0.856,0.399847031
930,112.346031,0.858,0.399848938
931,112.4664872,0.86,0.399852753
932,112.586916,0.862,0.399847031
933,112.7073606,0.864,0.399847031
934,112.8277868,0.866,0.399848938
935,112.9482353,0.868,0.399848938
936,113.0686672,0.87,0.399852753
937,113.1891186,0.872,0.399845123
938,113.3095579,0.874,0.399843216
939,113.4300277,0.876,0.399843216
940,113.5504735,0.878,0.399850845
941,113.6709014,0.88,0.399847031
942,113.7913597,0.882,0.399843216
943,113.9117917,0.884,0.399850845
944,114.0322395,0.886,0.399847031
945,114.1526752,0.888,0.399848938
946,114.2731193,0.89,0.399848938
947,114.3935518,0.892,0.399845123
948,114.5140012,0.894,0.399848938
949,114.6344327,0.896,0.399848938
950,114.7548765,0.898,0.399850845
951,114.8752973,0.9,0.399843216
952,114.9957444,0.902,0.399848938
953,115.1161768,0.904,0.399848938
954,115.2366209,0.906,0.399847031
955,115.357068,0.908,0.399850845
956,115.4774953,0.91,0.399848938
957,115.5979414,0.912,0.399843216
958,115.7183732,0.914,0.399843216
959,115.8388287,0.916,0.399843216
960,115.9592658,0.918,0.399847031
961,116.0797225,0.92,0.399847031
962,116.2001521,0.922,0.399848938
963,116.3206065,0.924,0.399848938
964,116.4410381,0.926,0.399850845
965,116.5614833,0.928,0.39985466
966,116.681921,0.93,0.399848938
967,116.802349,0.932,0.399847031
968,116.9227977,0.934,0.399847031
969,117.0432303,0.936,0.399848938
970,117.1636821,0.938,0.399841309
971,117.284102,0.94,0.399843216
972,117.4045466,0.942,0.399847031
973,117.5249807,0.944,0.399847031
974,117.6454282,0.946,0.399845123
975,117.7658619,0.948,0.399843216
976,117.8863016,0.95,0.399841309
977,118.0067458,0.952,0.399839401
978,118.1271961,0.954,0.399845123
979,118.2476267,0.956,0.399841309
980,118.3680848,0.958,0.399843216
981,118.4885267,0.96,0.399847031
982,118.6089645,0.962,0.399850845
983,118.7294085,0.964,0.399845123
984,118.8498457,0.966,0.399847031
985,118.9702918,0.968,0.399843216
986,119.0907275,0.97,0.399843216
987,119.2111767,0.972,0.399841309
988,119.3316077,0.974,0.399845123
989,119.4520636,0.976,0.399839401
990,119.5725023,0.978,0.399841309
991,119.6929484,0.98,0.399839401
992,119.8133803,0.982,0.399839401
993,119.9338296,0.984,0.399841309
994,120.0542595,0.986,0.399843216
995,120.1746936,0.988,0.399841309
996,120.2951442,0.99,0.399839401
997,120.4155752,0.992,0.399843216
998,120.5360332,0.994,0.399845123
999,120.6564757,0.996,0.399843216
1000,120.7769255,0.998,0.399847031
1001,120.8973539,1,0.399843216
